Workbook

Sheet Config
A1: Sunday School Companion — Content
A3: This sheet is where lessons begin. You write what a lesson is about; everything a child eventually sees is made from it later.
A5: To add a lesson:
A6: 1. Photograph or scan the Samajham pages for the lesson and put them in Google Drive, under your class → the chapter → Curriculum. Any filenames are fine.
A7: 2. Open your class tab here and add a row. Fill in the chapter number, title and Bible reference.
A8: 3. Paste the link to that Drive folder into the Curriculum column. You do not need to type the lesson out.
A9: 4. Go to the Learning Objectives tab and add a row for each thing a child should come away with. One idea per row.
A10: 5. Add the memory verse, a video link and a take-home if the lesson has them. All optional.
A11: 6. Set Status to "Ready for Review". That is all you need to do.
A13: You never need to write story panels, dialogue, questions or answers. Those are made from the pages you uploaded.
A15: The Drive folders look like this:
A16: Sunday School Companion / 02 - Beginner / Chapter 01 / 01 - Curriculum Source /
... A24: Classes
A25: Class ID | B25: Tab Name | C25: Display Name | D25: Order | E25: Live
A26: nursery | B26: Nursery | C26: Nursery | D26: 1 | E26: No
A27: beginner | B27: Beginner | C27: Beginner | D27: 2 | E27: Yes
A28: primary | B28: Primary | C28: Primary | D28: 3 | E28: No
A29: junior | B29: Junior | C29: Junior | D29: 4 | E29: No
A30: intermediate | B30: Intermediate | C30: Intermediate | D30: 5 | E30: No
A31: senior | B31: Senior | C31: Senior | D31: 6 | E31: No
A32: young-adult | B32: Young Adult | C32: Young Adult | D32: 7 | E32: No
A34: Statuses
A35: Status | B35: Means
A36: Draft | B36: Being written. Not in the app.
A37: Ready for Review | B37: Finished by the contributor. Not in the app yet.
A38: Published | B38: Reviewed, made and approved. In the app. Set by the production owner only.
A40: Objective Priority
A41: Priority | B41: Means
A42: Core | B42: Must be covered by a game.
A43: Supporting | B43: Welcome, but optional.
A45: Game ideas a contributor can suggest
A46: In the sheet | B46: What we build
A47: Pick the right one | B47: Selection
A48: Match things together | B48: Pairing
A49: Put things in order | B49: Ordering
A50: Explore and find | B50: Discovery
A51: (blank) | B51: We decide

Sheet Nursery
A1: Chapter | B1: Title | C1: Bible Reference | D1: Curriculum | E1: Learning Objectives | F1: Memory Verse | G1: Memory Verse Reference | H1: Video | I1: Take Home | J1: Teaching Notes | K1: Game Suggestion | L1: Contributor | M1: Status | N1: Notes
E2: =IF($A2="","",IFERROR(TEXTJOIN(CHAR(10),TRUE,FILTER('Learning Objectives'!$D:$D,'Learning Objectives'!$A:$A="Nursery",'Learning Objectives'!$B:$B=$A2)),""))
E3: =IF($A3="","",IFERROR(TEXTJOIN(CHAR(10),TRUE,FILTER('Learning Objectives'!$D:$D,'Learning Objectives'!$A:$A="Nursery",'Learning Objectives'!$B:$B=$A3)),""))
E4: =IF($A4="","",IFERROR(TEXTJOIN(CHAR(10),TRUE,FILTER('Learning Objectives'!$D:$D,'Learning Objectives'!$A:$A="Nursery",'Learning Objectives'!$B:$B=$A4)),""))
E5: =IF($A5="","",IFERROR(TEXTJOIN(CHAR(10),TRUE,FILTER('Learning Objectives'!$D:$D,'Learning Objectives'!$A:$A="Nursery",'Learning Objectives'!$B:$B=$A5)),""))
E6: =IF($A6="","",IFERROR(TEXTJOIN(CHAR(10),TRUE,FILTER('Learning Objectives'!$D:$D,'Learning Objectives'!$A:$A="Nursery",'Learning Objectives'!$B:$B=$A6)),""))
E7: =IF($A7="","",IFERROR(TEXTJOIN(CHAR(10),TRUE,FILTER('Learning Objectives'!$D:$D,'Learning Objectives'!$A:$A="Nursery",'Learning Objectives'!$B:$B=$A7)),""))
E8: =IF($A8="","",IFERROR(TEXTJOIN(CHAR(10),TRUE,FILTER('Learning Objectives'!$D:$D,'Learning Objectives'!$A:$A="Nursery",'Learning Objectives'!$B:$B=$A8)),""))
E9: =IF($A9="","",IFERROR(TEXTJOIN(CHAR(10),TRUE,FILTER('Learning Objectives'!$D:$D,'Learning Objectives'!$A:$A="Nursery",'Learning Objectives'!$B:$B=$A9)),""))
E10: =IF($A10="","",IFERROR(TEXTJOIN(CHAR(10),TRUE,FILTER('Learning Objectives'!$D:$D,'Learning Objectives'!$A:$A="Nursery",'Learning Objectives'!$B:$B=$A10)),""))
E11: =IF($A11="","",IFERROR(TEXTJOIN(CHAR(10),TRUE,FILTER('Learning Objectives'!$D:$D,'Learning Objectives'!$A:$A="Nursery",'Learning Objectives'!$B:$B=$A11)),""))
E12: =IF($A12="","",IFERROR(TEXTJOIN(CHAR(10),TRUE,FILTER('Learning Objectives'!$D:$D,'Learning Objectives'!$A:$A="Nursery",'Learning Objectives'!$B:$B=$A12)),""))
E13: =IF($A13="","",IFERROR(TEXTJOIN(CHAR(10),TRUE,FILTER('Learning Objectives'!$D:$D,'Learning Objectives'!$A:$A="Nursery",'Learning Objectives'!$B:$B=$A13)),""))
... E51: =IF($A51="","",IFERROR(TEXTJOIN(CHAR(10),TRUE,FILTER('Learning Objectives'!$D:$D,'Learning Objectives'!$A:$A="Nursery",'Learning Objectives'!$B:$B=$A51)),""))

Sheet Beginner
A1: Chapter | B1: Title | C1: Bible Reference | D1: Curriculum | E1: Learning Objectives | F1: Memory Verse | G1: Memory Verse Reference | H1: Video | I1: Take Home | J1: Teaching Notes | K1: Game Suggestion | L1: Contributor | M1: Status | N1: Notes
A2: 1 | B2: Baby Jesus at the Temple | C2: Luke 2:22–35 | E2: =IF($A2="","",IFERROR(TEXTJOIN(CHAR(10),TRUE,FILTER('Learning Objectives'!$D:$D,'Learning Objectives'!$A:$A="Beginner",'Learning Objectives'!$B:$B=$A2)),"")) | F2: For my eyes have seen your salvation, which you have prepared in the presence of all peoples | G2: St Luke 2:30,31 | M2: Published | N2: Imported from the app rather than written by a contributor. These two chapters were built before this sheet existed and no curriculum was ever written for them — that is the gap this sheet closes. The class is Beginner and is settled. Content-owner confirmation needed: source lesson references Luke 2:22–33, while current repository content references Luke 2:22–38 and includes Anna. The repository value is kept until this is settled. This is not a typo to tidy — the two readings tell slightly different stories, and the chapter currently has two pictures of Anna. Imported from the app (content/baby-jesus-at-the-temple.story.json). No curriculum was ever written for it — the children's text was written directly, which is the gap this sheet exists to close. Already agreed about the pictures: • Cover — Mary holding baby Jesus, Joseph beside her, old Simeon reaching out with both hands and a huge smile. Warm temple light, tall stone columns behind. The title is painted into the artwork itself. • "Simeon held the baby" is the heart of the chapter. Give it the most space — old hands, small baby, light from above. • The chapter ends on gladness being passed on, not on the ceremony finishing. • Celebration — warm light, the temple steps, the family walking home together. • The memory verse is Simeon's own words, and short enough for a six-year-old to carry.
A3: 2 | B3: Wedding at Cana | C3: John 2:1–11 | E3: =IF($A3="","",IFERROR(TEXTJOIN(CHAR(10),TRUE,FILTER('Learning Objectives'!$D:$D,'Learning Objectives'!$A:$A="Beginner",'Learning Objectives'!$B:$B=$A3)),"")) | F3: Cast all your anxiety on him, because he cares for you. | G3: 1 Peter 5:7 | M3: Published | N3: Imported from the app rather than written by a contributor. These two chapters were built before this sheet existed and no curriculum was ever written for them — that is the gap this sheet closes. The class is Beginner and is settled. Content-owner confirmation needed: the memory verse translation is still the word PLACEHOLDER in the repository. The wording is the NIV's and is painted into the artwork of panel 17, so changing translation later means redrawing a panel. Imported from the app (content/wedding-at-cana.story.json).
E4: =IF($A4="","",IFERROR(TEXTJOIN(CHAR(10),TRUE,FILTER('Learning Objectives'!$D:$D,'Learning Objectives'!$A:$A="Beginner",'Learning Objectives'!$B:$B=$A4)),""))
E5: =IF($A5="","",IFERROR(TEXTJOIN(CHAR(10),TRUE,FILTER('Learning Objectives'!$D:$D,'Learning Objectives'!$A:$A="Beginner",'Learning Objectives'!$B:$B=$A5)),""))
E6: =IF($A6="","",IFERROR(TEXTJOIN(CHAR(10),TRUE,FILTER('Learning Objectives'!$D:$D,'Learning Objectives'!$A:$A="Beginner",'Learning Objectives'!$B:$B=$A6)),""))
E7: =IF($A7="","",IFERROR(TEXTJOIN(CHAR(10),TRUE,FILTER('Learning Objectives'!$D:$D,'Learning Objectives'!$A:$A="Beginner",'Learning Objectives'!$B:$B=$A7)),""))
E8: =IF($A8="","",IFERROR(TEXTJOIN(CHAR(10),TRUE,FILTER('Learning Objectives'!$D:$D,'Learning Objectives'!$A:$A="Beginner",'Learning Objectives'!$B:$B=$A8)),""))
E9: =IF($A9="","",IFERROR(TEXTJOIN(CHAR(10),TRUE,FILTER('Learning Objectives'!$D:$D,'Learning Objectives'!$A:$A="Beginner",'Learning Objectives'!$B:$B=$A9)),""))
E10: =IF($A10="","",IFERROR(TEXTJOIN(CHAR(10),TRUE,FILTER('Learning Objectives'!$D:$D,'Learning Objectives'!$A:$A="Beginner",'Learning Objectives'!$B:$B=$A10)),""))
E11: =IF($A11="","",IFERROR(TEXTJOIN(CHAR(10),TRUE,FILTER('Learning Objectives'!$D:$D,'Learning Objectives'!$A:$A="Beginner",'Learning Objectives'!$B:$B=$A11)),""))
E12: =IF($A12="","",IFERROR(TEXTJOIN(CHAR(10),TRUE,FILTER('Learning Objectives'!$D:$D,'Learning Objectives'!$A:$A="Beginner",'Learning Objectives'!$B:$B=$A12)),""))
E13: =IF($A13="","",IFERROR(TEXTJOIN(CHAR(10),TRUE,FILTER('Learning Objectives'!$D:$D,'Learning Objectives'!$A:$A="Beginner",'Learning Objectives'!$B:$B=$A13)),""))
E14: =IF($A14="","",IFERROR(TEXTJOIN(CHAR(10),TRUE,FILTER('Learning Objectives'!$D:$D,'Learning Objectives'!$A:$A="Beginner",'Learning Objectives'!$B:$B=$A14)),""))
E15: =IF($A15="","",IFERROR(TEXTJOIN(CHAR(10),TRUE,FILTER('Learning Objectives'!$D:$D,'Learning Objectives'!$A:$A="Beginner",'Learning Objectives'!$B:$B=$A15)),""))
... E51: =IF($A51="","",IFERROR(TEXTJOIN(CHAR(10),TRUE,FILTER('Learning Objectives'!$D:$D,'Learning Objectives'!$A:$A="Beginner",'Learning Objectives'!$B:$B=$A51)),""))

Sheet Primary
A1: Chapter | B1: Title | C1: Bible Reference | D1: Curriculum | E1: Learning Objectives | F1: Memory Verse | G1: Memory Verse Reference | H1: Video | I1: Take Home | J1: Teaching Notes | K1: Game Suggestion | L1: Contributor | M1: Status | N1: Notes
E2: =IF($A2="","",IFERROR(TEXTJOIN(CHAR(10),TRUE,FILTER('Learning Objectives'!$D:$D,'Learning Objectives'!$A:$A="Primary",'Learning Objectives'!$B:$B=$A2)),""))
E3: =IF($A3="","",IFERROR(TEXTJOIN(CHAR(10),TRUE,FILTER('Learning Objectives'!$D:$D,'Learning Objectives'!$A:$A="Primary",'Learning Objectives'!$B:$B=$A3)),""))
E4: =IF($A4="","",IFERROR(TEXTJOIN(CHAR(10),TRUE,FILTER('Learning Objectives'!$D:$D,'Learning Objectives'!$A:$A="Primary",'Learning Objectives'!$B:$B=$A4)),""))
E5: =IF($A5="","",IFERROR(TEXTJOIN(CHAR(10),TRUE,FILTER('Learning Objectives'!$D:$D,'Learning Objectives'!$A:$A="Primary",'Learning Objectives'!$B:$B=$A5)),""))
E6: =IF($A6="","",IFERROR(TEXTJOIN(CHAR(10),TRUE,FILTER('Learning Objectives'!$D:$D,'Learning Objectives'!$A:$A="Primary",'Learning Objectives'!$B:$B=$A6)),""))
E7: =IF($A7="","",IFERROR(TEXTJOIN(CHAR(10),TRUE,FILTER('Learning Objectives'!$D:$D,'Learning Objectives'!$A:$A="Primary",'Learning Objectives'!$B:$B=$A7)),""))
E8: =IF($A8="","",IFERROR(TEXTJOIN(CHAR(10),TRUE,FILTER('Learning Objectives'!$D:$D,'Learning Objectives'!$A:$A="Primary",'Learning Objectives'!$B:$B=$A8)),""))
E9: =IF($A9="","",IFERROR(TEXTJOIN(CHAR(10),TRUE,FILTER('Learning Objectives'!$D:$D,'Learning Objectives'!$A:$A="Primary",'Learning Objectives'!$B:$B=$A9)),""))
E10: =IF($A10="","",IFERROR(TEXTJOIN(CHAR(10),TRUE,FILTER('Learning Objectives'!$D:$D,'Learning Objectives'!$A:$A="Primary",'Learning Objectives'!$B:$B=$A10)),""))
E11: =IF($A11="","",IFERROR(TEXTJOIN(CHAR(10),TRUE,FILTER('Learning Objectives'!$D:$D,'Learning Objectives'!$A:$A="Primary",'Learning Objectives'!$B:$B=$A11)),""))
E12: =IF($A12="","",IFERROR(TEXTJOIN(CHAR(10),TRUE,FILTER('Learning Objectives'!$D:$D,'Learning Objectives'!$A:$A="Primary",'Learning Objectives'!$B:$B=$A12)),""))
E13: =IF($A13="","",IFERROR(TEXTJOIN(CHAR(10),TRUE,FILTER('Learning Objectives'!$D:$D,'Learning Objectives'!$A:$A="Primary",'Learning Objectives'!$B:$B=$A13)),""))
... E51: =IF($A51="","",IFERROR(TEXTJOIN(CHAR(10),TRUE,FILTER('Learning Objectives'!$D:$D,'Learning Objectives'!$A:$A="Primary",'Learning Objectives'!$B:$B=$A51)),""))

Sheet Junior
A1: Chapter | B1: Title | C1: Bible Reference | D1: Curriculum | E1: Learning Objectives | F1: Memory Verse | G1: Memory Verse Reference | H1: Video | I1: Take Home | J1: Teaching Notes | K1: Game Suggestion | L1: Contributor | M1: Status | N1: Notes
E2: =IF($A2="","",IFERROR(TEXTJOIN(CHAR(10),TRUE,FILTER('Learning Objectives'!$D:$D,'Learning Objectives'!$A:$A="Junior",'Learning Objectives'!$B:$B=$A2)),""))
E3: =IF($A3="","",IFERROR(TEXTJOIN(CHAR(10),TRUE,FILTER('Learning Objectives'!$D:$D,'Learning Objectives'!$A:$A="Junior",'Learning Objectives'!$B:$B=$A3)),""))
E4: =IF($A4="","",IFERROR(TEXTJOIN(CHAR(10),TRUE,FILTER('Learning Objectives'!$D:$D,'Learning Objectives'!$A:$A="Junior",'Learning Objectives'!$B:$B=$A4)),""))
E5: =IF($A5="","",IFERROR(TEXTJOIN(CHAR(10),TRUE,FILTER('Learning Objectives'!$D:$D,'Learning Objectives'!$A:$A="Junior",'Learning Objectives'!$B:$B=$A5)),""))
E6: =IF($A6="","",IFERROR(TEXTJOIN(CHAR(10),TRUE,FILTER('Learning Objectives'!$D:$D,'Learning Objectives'!$A:$A="Junior",'Learning Objectives'!$B:$B=$A6)),""))
E7: =IF($A7="","",IFERROR(TEXTJOIN(CHAR(10),TRUE,FILTER('Learning Objectives'!$D:$D,'Learning Objectives'!$A:$A="Junior",'Learning Objectives'!$B:$B=$A7)),""))
E8: =IF($A8="","",IFERROR(TEXTJOIN(CHAR(10),TRUE,FILTER('Learning Objectives'!$D:$D,'Learning Objectives'!$A:$A="Junior",'Learning Objectives'!$B:$B=$A8)),""))
E9: =IF($A9="","",IFERROR(TEXTJOIN(CHAR(10),TRUE,FILTER('Learning Objectives'!$D:$D,'Learning Objectives'!$A:$A="Junior",'Learning Objectives'!$B:$B=$A9)),""))
E10: =IF($A10="","",IFERROR(TEXTJOIN(CHAR(10),TRUE,FILTER('Learning Objectives'!$D:$D,'Learning Objectives'!$A:$A="Junior",'Learning Objectives'!$B:$B=$A10)),""))
E11: =IF($A11="","",IFERROR(TEXTJOIN(CHAR(10),TRUE,FILTER('Learning Objectives'!$D:$D,'Learning Objectives'!$A:$A="Junior",'Learning Objectives'!$B:$B=$A11)),""))
E12: =IF($A12="","",IFERROR(TEXTJOIN(CHAR(10),TRUE,FILTER('Learning Objectives'!$D:$D,'Learning Objectives'!$A:$A="Junior",'Learning Objectives'!$B:$B=$A12)),""))
E13: =IF($A13="","",IFERROR(TEXTJOIN(CHAR(10),TRUE,FILTER('Learning Objectives'!$D:$D,'Learning Objectives'!$A:$A="Junior",'Learning Objectives'!$B:$B=$A13)),""))
... E51: =IF($A51="","",IFERROR(TEXTJOIN(CHAR(10),TRUE,FILTER('Learning Objectives'!$D:$D,'Learning Objectives'!$A:$A="Junior",'Learning Objectives'!$B:$B=$A51)),""))

Sheet Intermediate
A1: Chapter | B1: Title | C1: Bible Reference | D1: Curriculum | E1: Learning Objectives | F1: Memory Verse | G1: Memory Verse Reference | H1: Video | I1: Take Home | J1: Teaching Notes | K1: Game Suggestion | L1: Contributor | M1: Status | N1: Notes
E2: =IF($A2="","",IFERROR(TEXTJOIN(CHAR(10),TRUE,FILTER('Learning Objectives'!$D:$D,'Learning Objectives'!$A:$A="Intermediate",'Learning Objectives'!$B:$B=$A2)),""))
E3: =IF($A3="","",IFERROR(TEXTJOIN(CHAR(10),TRUE,FILTER('Learning Objectives'!$D:$D,'Learning Objectives'!$A:$A="Intermediate",'Learning Objectives'!$B:$B=$A3)),""))
E4: =IF($A4="","",IFERROR(TEXTJOIN(CHAR(10),TRUE,FILTER('Learning Objectives'!$D:$D,'Learning Objectives'!$A:$A="Intermediate",'Learning Objectives'!$B:$B=$A4)),""))
E5: =IF($A5="","",IFERROR(TEXTJOIN(CHAR(10),TRUE,FILTER('Learning Objectives'!$D:$D,'Learning Objectives'!$A:$A="Intermediate",'Learning Objectives'!$B:$B=$A5)),""))
E6: =IF($A6="","",IFERROR(TEXTJOIN(CHAR(10),TRUE,FILTER('Learning Objectives'!$D:$D,'Learning Objectives'!$A:$A="Intermediate",'Learning Objectives'!$B:$B=$A6)),""))
E7: =IF($A7="","",IFERROR(TEXTJOIN(CHAR(10),TRUE,FILTER('Learning Objectives'!$D:$D,'Learning Objectives'!$A:$A="Intermediate",'Learning Objectives'!$B:$B=$A7)),""))
E8: =IF($A8="","",IFERROR(TEXTJOIN(CHAR(10),TRUE,FILTER('Learning Objectives'!$D:$D,'Learning Objectives'!$A:$A="Intermediate",'Learning Objectives'!$B:$B=$A8)),""))
E9: =IF($A9="","",IFERROR(TEXTJOIN(CHAR(10),TRUE,FILTER('Learning Objectives'!$D:$D,'Learning Objectives'!$A:$A="Intermediate",'Learning Objectives'!$B:$B=$A9)),""))
E10: =IF($A10="","",IFERROR(TEXTJOIN(CHAR(10),TRUE,FILTER('Learning Objectives'!$D:$D,'Learning Objectives'!$A:$A="Intermediate",'Learning Objectives'!$B:$B=$A10)),""))
E11: =IF($A11="","",IFERROR(TEXTJOIN(CHAR(10),TRUE,FILTER('Learning Objectives'!$D:$D,'Learning Objectives'!$A:$A="Intermediate",'Learning Objectives'!$B:$B=$A11)),""))
E12: =IF($A12="","",IFERROR(TEXTJOIN(CHAR(10),TRUE,FILTER('Learning Objectives'!$D:$D,'Learning Objectives'!$A:$A="Intermediate",'Learning Objectives'!$B:$B=$A12)),""))
E13: =IF($A13="","",IFERROR(TEXTJOIN(CHAR(10),TRUE,FILTER('Learning Objectives'!$D:$D,'Learning Objectives'!$A:$A="Intermediate",'Learning Objectives'!$B:$B=$A13)),""))
... E51: =IF($A51="","",IFERROR(TEXTJOIN(CHAR(10),TRUE,FILTER('Learning Objectives'!$D:$D,'Learning Objectives'!$A:$A="Intermediate",'Learning Objectives'!$B:$B=$A51)),""))

Sheet Senior
A1: Chapter | B1: Title | C1: Bible Reference | D1: Curriculum | E1: Learning Objectives | F1: Memory Verse | G1: Memory Verse Reference | H1: Video | I1: Take Home | J1: Teaching Notes | K1: Game Suggestion | L1: Contributor | M1: Status | N1: Notes
E2: =IF($A2="","",IFERROR(TEXTJOIN(CHAR(10),TRUE,FILTER('Learning Objectives'!$D:$D,'Learning Objectives'!$A:$A="Senior",'Learning Objectives'!$B:$B=$A2)),""))
E3: =IF($A3="","",IFERROR(TEXTJOIN(CHAR(10),TRUE,FILTER('Learning Objectives'!$D:$D,'Learning Objectives'!$A:$A="Senior",'Learning Objectives'!$B:$B=$A3)),""))
E4: =IF($A4="","",IFERROR(TEXTJOIN(CHAR(10),TRUE,FILTER('Learning Objectives'!$D:$D,'Learning Objectives'!$A:$A="Senior",'Learning Objectives'!$B:$B=$A4)),""))
E5: =IF($A5="","",IFERROR(TEXTJOIN(CHAR(10),TRUE,FILTER('Learning Objectives'!$D:$D,'Learning Objectives'!$A:$A="Senior",'Learning Objectives'!$B:$B=$A5)),""))
E6: =IF($A6="","",IFERROR(TEXTJOIN(CHAR(10),TRUE,FILTER('Learning Objectives'!$D:$D,'Learning Objectives'!$A:$A="Senior",'Learning Objectives'!$B:$B=$A6)),""))
E7: =IF($A7="","",IFERROR(TEXTJOIN(CHAR(10),TRUE,FILTER('Learning Objectives'!$D:$D,'Learning Objectives'!$A:$A="Senior",'Learning Objectives'!$B:$B=$A7)),""))
E8: =IF($A8="","",IFERROR(TEXTJOIN(CHAR(10),TRUE,FILTER('Learning Objectives'!$D:$D,'Learning Objectives'!$A:$A="Senior",'Learning Objectives'!$B:$B=$A8)),""))
E9: =IF($A9="","",IFERROR(TEXTJOIN(CHAR(10),TRUE,FILTER('Learning Objectives'!$D:$D,'Learning Objectives'!$A:$A="Senior",'Learning Objectives'!$B:$B=$A9)),""))
E10: =IF($A10="","",IFERROR(TEXTJOIN(CHAR(10),TRUE,FILTER('Learning Objectives'!$D:$D,'Learning Objectives'!$A:$A="Senior",'Learning Objectives'!$B:$B=$A10)),""))
E11: =IF($A11="","",IFERROR(TEXTJOIN(CHAR(10),TRUE,FILTER('Learning Objectives'!$D:$D,'Learning Objectives'!$A:$A="Senior",'Learning Objectives'!$B:$B=$A11)),""))
E12: =IF($A12="","",IFERROR(TEXTJOIN(CHAR(10),TRUE,FILTER('Learning Objectives'!$D:$D,'Learning Objectives'!$A:$A="Senior",'Learning Objectives'!$B:$B=$A12)),""))
E13: =IF($A13="","",IFERROR(TEXTJOIN(CHAR(10),TRUE,FILTER('Learning Objectives'!$D:$D,'Learning Objectives'!$A:$A="Senior",'Learning Objectives'!$B:$B=$A13)),""))
... E51: =IF($A51="","",IFERROR(TEXTJOIN(CHAR(10),TRUE,FILTER('Learning Objectives'!$D:$D,'Learning Objectives'!$A:$A="Senior",'Learning Objectives'!$B:$B=$A51)),""))

Sheet Young Adult
A1: Chapter | B1: Title | C1: Bible Reference | D1: Curriculum | E1: Learning Objectives | F1: Memory Verse | G1: Memory Verse Reference | H1: Video | I1: Take Home | J1: Teaching Notes | K1: Game Suggestion | L1: Contributor | M1: Status | N1: Notes
E2: =IF($A2="","",IFERROR(TEXTJOIN(CHAR(10),TRUE,FILTER('Learning Objectives'!$D:$D,'Learning Objectives'!$A:$A="Young Adult",'Learning Objectives'!$B:$B=$A2)),""))
E3: =IF($A3="","",IFERROR(TEXTJOIN(CHAR(10),TRUE,FILTER('Learning Objectives'!$D:$D,'Learning Objectives'!$A:$A="Young Adult",'Learning Objectives'!$B:$B=$A3)),""))
E4: =IF($A4="","",IFERROR(TEXTJOIN(CHAR(10),TRUE,FILTER('Learning Objectives'!$D:$D,'Learning Objectives'!$A:$A="Young Adult",'Learning Objectives'!$B:$B=$A4)),""))
E5: =IF($A5="","",IFERROR(TEXTJOIN(CHAR(10),TRUE,FILTER('Learning Objectives'!$D:$D,'Learning Objectives'!$A:$A="Young Adult",'Learning Objectives'!$B:$B=$A5)),""))
E6: =IF($A6="","",IFERROR(TEXTJOIN(CHAR(10),TRUE,FILTER('Learning Objectives'!$D:$D,'Learning Objectives'!$A:$A="Young Adult",'Learning Objectives'!$B:$B=$A6)),""))
E7: =IF($A7="","",IFERROR(TEXTJOIN(CHAR(10),TRUE,FILTER('Learning Objectives'!$D:$D,'Learning Objectives'!$A:$A="Young Adult",'Learning Objectives'!$B:$B=$A7)),""))
E8: =IF($A8="","",IFERROR(TEXTJOIN(CHAR(10),TRUE,FILTER('Learning Objectives'!$D:$D,'Learning Objectives'!$A:$A="Young Adult",'Learning Objectives'!$B:$B=$A8)),""))
E9: =IF($A9="","",IFERROR(TEXTJOIN(CHAR(10),TRUE,FILTER('Learning Objectives'!$D:$D,'Learning Objectives'!$A:$A="Young Adult",'Learning Objectives'!$B:$B=$A9)),""))
E10: =IF($A10="","",IFERROR(TEXTJOIN(CHAR(10),TRUE,FILTER('Learning Objectives'!$D:$D,'Learning Objectives'!$A:$A="Young Adult",'Learning Objectives'!$B:$B=$A10)),""))
E11: =IF($A11="","",IFERROR(TEXTJOIN(CHAR(10),TRUE,FILTER('Learning Objectives'!$D:$D,'Learning Objectives'!$A:$A="Young Adult",'Learning Objectives'!$B:$B=$A11)),""))
E12: =IF($A12="","",IFERROR(TEXTJOIN(CHAR(10),TRUE,FILTER('Learning Objectives'!$D:$D,'Learning Objectives'!$A:$A="Young Adult",'Learning Objectives'!$B:$B=$A12)),""))
E13: =IF($A13="","",IFERROR(TEXTJOIN(CHAR(10),TRUE,FILTER('Learning Objectives'!$D:$D,'Learning Objectives'!$A:$A="Young Adult",'Learning Objectives'!$B:$B=$A13)),""))
... E51: =IF($A51="","",IFERROR(TEXTJOIN(CHAR(10),TRUE,FILTER('Learning Objectives'!$D:$D,'Learning Objectives'!$A:$A="Young Adult",'Learning Objectives'!$B:$B=$A51)),""))

Sheet Learning Objectives
A1: Class | B1: Chapter | C1: Objective ID | D1: Learning Objective | E1: Priority | F1: Notes
A2: Beginner | B2: 1 | C2: =IF(OR($A2="",$B2=""),"",TEXT($B2,"00")&"."&COUNTIFS($A$2:$A2,$A2,$B$2:$B2,$B2)) | D2: Recognise the key people in the story and their roles. | E2: Core | F2: Read back from a game the chapter already contains — not written by a contributor. The class is provisional; see the chapter row.
A3: Beginner | B3: 1 | C3: =IF(OR($A3="",$B3=""),"",TEXT($B3,"00")&"."&COUNTIFS($A$2:$A3,$A3,$B$2:$B3,$B3)) | D3: Understand the basic sequence of the Bible story. | E3: Core | F3: Read back from a game the chapter already contains — not written by a contributor. The class is provisional; see the chapter row.
A4: Beginner | B4: 1 | C4: =IF(OR($A4="",$B4=""),"",TEXT($B4,"00")&"."&COUNTIFS($A$2:$A4,$A4,$B$2:$B4,$B4)) | D4: Remember that Simeon recognised Jesus as the promised Saviour. | E4: Core | F4: Read back from a game the chapter already contains — not written by a contributor. The class is provisional; see the chapter row.
A5: Beginner | B5: 2 | C5: =IF(OR($A5="",$B5=""),"",TEXT($B5,"00")&"."&COUNTIFS($A$2:$A5,$A5,$B$2:$B5,$B5)) | D5: Recall what happened at the wedding and in what order. | E5: Core | F5: Read back from a game the chapter already contains — not written by a contributor. The class is provisional; see the chapter row.
A6: Beginner | B6: 2 | C6: =IF(OR($A6="",$B6=""),"",TEXT($B6,"00")&"."&COUNTIFS($A$2:$A6,$A6,$B$2:$B6,$B6)) | D6: Remember that this was the first of Jesus’ miracles. | E6: Supporting | F6: Read back from the chapter’s existing ordering activity — not written by a contributor. The class is provisional; see the chapter row.
C7: =IF(OR($A7="",$B7=""),"",TEXT($B7,"00")&"."&COUNTIFS($A$2:$A7,$A7,$B$2:$B7,$B7))
C8: =IF(OR($A8="",$B8=""),"",TEXT($B8,"00")&"."&COUNTIFS($A$2:$A8,$A8,$B$2:$B8,$B8))
C9: =IF(OR($A9="",$B9=""),"",TEXT($B9,"00")&"."&COUNTIFS($A$2:$A9,$A9,$B$2:$B9,$B9))
C10: =IF(OR($A10="",$B10=""),"",TEXT($B10,"00")&"."&COUNTIFS($A$2:$A10,$A10,$B$2:$B10,$B10))
C11: =IF(OR($A11="",$B11=""),"",TEXT($B11,"00")&"."&COUNTIFS($A$2:$A11,$A11,$B$2:$B11,$B11))
C12: =IF(OR($A12="",$B12=""),"",TEXT($B12,"00")&"."&COUNTIFS($A$2:$A12,$A12,$B$2:$B12,$B12))
C13: =IF(OR($A13="",$B13=""),"",TEXT($B13,"00")&"."&COUNTIFS($A$2:$A13,$A13,$B$2:$B13,$B13))
C14: =IF(OR($A14="",$B14=""),"",TEXT($B14,"00")&"."&COUNTIFS($A$2:$A14,$A14,$B$2:$B14,$B14))
C15: =IF(OR($A15="",$B15=""),"",TEXT($B15,"00")&"."&COUNTIFS($A$2:$A15,$A15,$B$2:$B15,$B15))
C16: =IF(OR($A16="",$B16=""),"",TEXT($B16,"00")&"."&COUNTIFS($A$2:$A16,$A16,$B$2:$B16,$B16))
C17: =IF(OR($A17="",$B17=""),"",TEXT($B17,"00")&"."&COUNTIFS($A$2:$A17,$A17,$B$2:$B17,$B17))
C18: =IF(OR($A18="",$B18=""),"",TEXT($B18,"00")&"."&COUNTIFS($A$2:$A18,$A18,$B$2:$B18,$B18))
... C81: =IF(OR($A81="",$B81=""),"",TEXT($B81,"00")&"."&COUNTIFS($A$2:$A81,$A81,$B$2:$B81,$B81))
